Lead_ID,Date,Channel,Lead,Qualified,Demo_Booked,Trial_Started,Customer,Campaign_Cost_INR,Revenue_INR
LEAD10001,2025-03-14,Organic Search,1,0,0,0,0,60,0
LEAD10002,2025-05-31,Email,1,0,0,0,0,90,0
LEAD10003,2025-04-12,Organic Search,1,1,1,1,1,60,2176
LEAD10004,2025-06-16,Instagram,1,1,1,0,0,280,0
LEAD10005,2025-04-11,Instagram,1,1,1,0,0,280,0
LEAD10006,2025-06-19,Email,1,1,1,1,0,90,0
LEAD10007,2025-01-30,Organic Search,1,1,0,0,0,60,0
LEAD10008,2025-02-19,Instagram,1,1,1,1,0,280,0
LEAD10009,2025-05-15,Google Ads,1,0,0,0,0,520,0
LEAD10010,2025-04-11,Facebook,1,1,0,0,0,300,0
LEAD10011,2025-01-27,Instagram,1,0,0,0,0,280,0
LEAD10012,2025-03-17,Instagram,1,1,1,1,0,280,0
LEAD10013,2025-03-12,Email,1,1,1,1,0,90,0
LEAD10014,2025-04-04,Organic Search,1,1,1,1,1,60,3101
LEAD10015,2025-03-29,YouTube,1,1,0,0,0,350,0
LEAD10016,2025-04-21,Instagram,1,1,1,1,0,280,0
LEAD10017,2025-01-11,Email,1,1,1,1,1,90,3698
LEAD10018,2025-01-07,YouTube,1,1,0,0,0,350,0
LEAD10019,2025-05-20,YouTube,1,0,0,0,0,350,0
LEAD10020,2025-02-11,Organic Search,1,0,0,0,0,60,0
LEAD10021,2025-06-26,Organic Search,1,1,0,0,0,60,0
LEAD10022,2025-03-08,Instagram,1,0,0,0,0,280,0
LEAD10023,2025-05-28,YouTube,1,0,0,0,0,350,0
LEAD10024,2025-05-29,Email,1,0,0,0,0,90,0
LEAD10025,2025-01-24,Organic Search,1,1,1,1,0,60,0
LEAD10026,2025-03-24,Organic Search,1,0,0,0,0,60,0
LEAD10027,2025-06-20,Organic Search,1,1,1,1,0,60,0
LEAD10028,2025-06-30,Email,1,0,0,0,0,90,0
LEAD10029,2025-06-23,YouTube,1,1,1,1,0,350,0
LEAD10030,2025-02-27,Instagram,1,1,1,1,1,280,3990
LEAD10031,2025-06-25,Facebook,1,1,0,0,0,300,0
LEAD10032,2025-03-22,Organic Search,1,0,0,0,0,60,0
LEAD10033,2025-03-26,Organic Search,1,0,0,0,0,60,0
LEAD10034,2025-04-20,YouTube,1,0,0,0,0,350,0
LEAD10035,2025-03-19,Email,1,1,1,1,1,90,2098
LEAD10036,2025-04-04,Facebook,1,1,0,0,0,300,0
LEAD10037,2025-04-04,Organic Search,1,0,0,0,0,60,0
LEAD10038,2025-06-15,YouTube,1,1,1,0,0,350,0
LEAD10039,2025-01-22,Organic Search,1,0,0,0,0,60,0
LEAD10040,2025-01-06,Instagram,1,1,1,1,1,280,4216
LEAD10041,2025-05-15,Facebook,1,1,0,0,0,300,0
LEAD10042,2025-05-27,YouTube,1,1,0,0,0,350,0
LEAD10043,2025-02-09,Google Ads,1,1,0,0,0,520,0
LEAD10044,2025-04-20,Google Ads,1,0,0,0,0,520,0
LEAD10045,2025-03-09,Facebook,1,1,1,1,1,300,3561
LEAD10046,2025-06-20,YouTube,1,0,0,0,0,350,0
LEAD10047,2025-02-18,Organic Search,1,1,0,0,0,60,0
LEAD10048,2025-01-12,Facebook,1,1,0,0,0,300,0
LEAD10049,2025-04-10,Email,1,0,0,0,0,90,0
LEAD10050,2025-02-16,Organic Search,1,1,1,1,0,60,0
LEAD10051,2025-06-04,Organic Search,1,1,1,0,0,60,0
LEAD10052,2025-01-15,Google Ads,1,0,0,0,0,520,0
LEAD10053,2025-06-19,Organic Search,1,1,1,1,1,60,3326
LEAD10054,2025-01-05,Organic Search,1,1,0,0,0,60,0
LEAD10055,2025-03-21,Email,1,1,0,0,0,90,0
LEAD10056,2025-04-26,Google Ads,1,1,1,1,0,520,0
LEAD10057,2025-03-06,YouTube,1,0,0,0,0,350,0
LEAD10058,2025-06-15,Organic Search,1,0,0,0,0,60,0
LEAD10059,2025-05-06,YouTube,1,0,0,0,0,350,0
LEAD10060,2025-04-10,Instagram,1,1,0,0,0,280,0
LEAD10061,2025-02-12,YouTube,1,0,0,0,0,350,0
LEAD10062,2025-06-05,Organic Search,1,1,0,0,0,60,0
LEAD10063,2025-01-09,Google Ads,1,1,1,1,1,520,3649
LEAD10064,2025-05-02,Google Ads,1,1,0,0,0,520,0
LEAD10065,2025-03-15,Organic Search,1,0,0,0,0,60,0
LEAD10066,2025-03-05,Instagram,1,1,1,1,0,280,0
LEAD10067,2025-06-13,Facebook,1,1,1,1,0,300,0
LEAD10068,2025-02-21,Instagram,1,1,1,0,0,280,0
LEAD10069,2025-05-24,YouTube,1,0,0,0,0,350,0
LEAD10070,2025-04-23,Email,1,1,1,0,0,90,0
LEAD10071,2025-05-28,Instagram,1,1,1,0,0,280,0
LEAD10072,2025-01-02,Organic Search,1,0,0,0,0,60,0
LEAD10073,2025-06-11,Organic Search,1,1,0,0,0,60,0
LEAD10074,2025-01-22,Instagram,1,1,1,1,1,280,4462
LEAD10075,2025-01-17,Email,1,0,0,0,0,90,0
LEAD10076,2025-04-30,Organic Search,1,1,0,0,0,60,0
LEAD10077,2025-05-21,Organic Search,1,0,0,0,0,60,0
LEAD10078,2025-06-19,Google Ads,1,1,0,0,0,520,0
LEAD10079,2025-02-17,Organic Search,1,1,1,1,1,60,3515
LEAD10080,2025-02-23,Organic Search,1,0,0,0,0,60,0
LEAD10081,2025-03-06,Instagram,1,1,1,1,1,280,3655
LEAD10082,2025-02-25,Google Ads,1,0,0,0,0,520,0
LEAD10083,2025-06-20,Instagram,1,1,1,1,1,280,2061
LEAD10084,2025-06-22,YouTube,1,0,0,0,0,350,0
LEAD10085,2025-03-21,Google Ads,1,1,1,1,0,520,0
LEAD10086,2025-06-25,YouTube,1,1,1,1,0,350,0
LEAD10087,2025-05-23,Google Ads,1,1,0,0,0,520,0
LEAD10088,2025-04-16,Organic Search,1,1,1,0,0,60,0
LEAD10089,2025-03-11,Google Ads,1,1,0,0,0,520,0
LEAD10090,2025-05-08,Google Ads,1,0,0,0,0,520,0
LEAD10091,2025-02-10,Facebook,1,0,0,0,0,300,0
LEAD10092,2025-04-19,Facebook,1,0,0,0,0,300,0
LEAD10093,2025-04-22,Organic Search,1,1,0,0,0,60,0
LEAD10094,2025-06-27,Google Ads,1,0,0,0,0,520,0
LEAD10095,2025-01-10,Email,1,0,0,0,0,90,0
LEAD10096,2025-02-02,Instagram,1,1,0,0,0,280,0
LEAD10097,2025-02-06,YouTube,1,1,0,0,0,350,0
LEAD10098,2025-05-19,YouTube,1,0,0,0,0,350,0
LEAD10099,2025-03-22,Instagram,1,1,1,1,1,280,4055
LEAD10100,2025-02-20,Google Ads,1,0,0,0,0,520,0
LEAD10101,2025-02-23,Organic Search,1,0,0,0,0,60,0
LEAD10102,2025-06-13,Facebook,1,1,1,1,1,300,2354
LEAD10103,2025-05-14,Facebook,1,1,0,0,0,300,0
LEAD10104,2025-06-12,Organic Search,1,1,0,0,0,60,0
LEAD10105,2025-06-08,Email,1,1,0,0,0,90,0
LEAD10106,2025-05-12,Facebook,1,0,0,0,0,300,0
LEAD10107,2025-02-13,Facebook,1,0,0,0,0,300,0
LEAD10108,2025-02-25,Instagram,1,0,0,0,0,280,0
LEAD10109,2025-05-07,Instagram,1,1,1,1,1,280,1805
LEAD10110,2025-01-15,Google Ads,1,1,0,0,0,520,0
LEAD10111,2025-03-14,Organic Search,1,0,0,0,0,60,0
LEAD10112,2025-05-11,Facebook,1,0,0,0,0,300,0
LEAD10113,2025-02-20,Email,1,1,1,1,1,90,2625
LEAD10114,2025-06-24,Instagram,1,0,0,0,0,280,0
LEAD10115,2025-06-21,Google Ads,1,1,0,0,0,520,0
LEAD10116,2025-02-02,Facebook,1,0,0,0,0,300,0
LEAD10117,2025-03-17,Facebook,1,0,0,0,0,300,0
LEAD10118,2025-06-09,Google Ads,1,1,0,0,0,520,0
LEAD10119,2025-01-22,Organic Search,1,1,1,1,0,60,0
LEAD10120,2025-03-04,Instagram,1,1,1,0,0,280,0
LEAD10121,2025-03-21,Email,1,0,0,0,0,90,0
LEAD10122,2025-01-08,Google Ads,1,0,0,0,0,520,0
LEAD10123,2025-04-26,YouTube,1,1,1,1,0,350,0
LEAD10124,2025-02-08,Email,1,0,0,0,0,90,0
LEAD10125,2025-01-06,Email,1,1,1,0,0,90,0
LEAD10126,2025-05-30,Email,1,1,1,1,0,90,0
LEAD10127,2025-06-22,YouTube,1,1,0,0,0,350,0
LEAD10128,2025-04-06,Facebook,1,1,1,0,0,300,0
LEAD10129,2025-06-05,Organic Search,1,1,0,0,0,60,0
LEAD10130,2025-02-07,Google Ads,1,1,0,0,0,520,0
LEAD10131,2025-04-29,Organic Search,1,1,0,0,0,60,0
LEAD10132,2025-06-21,Facebook,1,1,1,0,0,300,0
LEAD10133,2025-03-18,YouTube,1,1,0,0,0,350,0
LEAD10134,2025-05-19,Organic Search,1,1,1,1,0,60,0
LEAD10135,2025-01-26,Google Ads,1,0,0,0,0,520,0
LEAD10136,2025-01-14,YouTube,1,1,1,1,0,350,0
LEAD10137,2025-02-20,YouTube,1,1,1,1,1,350,2643
LEAD10138,2025-01-23,Organic Search,1,0,0,0,0,60,0
LEAD10139,2025-01-13,Organic Search,1,1,1,0,0,60,0
LEAD10140,2025-04-08,Email,1,1,1,1,1,90,3401
LEAD10141,2025-06-11,Email,1,0,0,0,0,90,0
LEAD10142,2025-04-14,Instagram,1,1,1,1,0,280,0
LEAD10143,2025-04-19,Organic Search,1,0,0,0,0,60,0
LEAD10144,2025-06-15,Google Ads,1,0,0,0,0,520,0
LEAD10145,2025-05-09,Facebook,1,1,0,0,0,300,0
LEAD10146,2025-04-16,Organic Search,1,1,1,0,0,60,0
LEAD10147,2025-05-31,Organic Search,1,1,1,0,0,60,0
LEAD10148,2025-01-01,Google Ads,1,1,0,0,0,520,0
LEAD10149,2025-04-05,YouTube,1,0,0,0,0,350,0
LEAD10150,2025-05-21,Facebook,1,1,1,1,0,300,0
